timeStamp,elapsed,label,responseCode,success,failureMessage,bytes,sentBytes,grpThreads,allThreads,Latency,Connect
1764430256926,409,Auth / Login,200,true,,959,308,1,1,409,111
1764430258389,75,Public / List videos,200,true,,806,694,1,1,75,0
1764430259586,89,Public / Vote video (1),200,true,,440,780,1,1,89,0
1764430261555,144,Public / Vote video (2),400,false,,471,780,1,1,144,65
1764430263727,145,Public / Vote video (3),400,false,,471,780,1,1,145,67
1764430264961,281,Ranking / Get rankings,200,true,,464,727,1,1,280,75
1764430267477,359,Auth / Login,200,true,,959,799,1,1,359,68
1764430270268,75,Public / List videos,200,true,,806,694,1,1,75,0
1764430272178,86,Public / Vote video (1),404,false,,458,780,1,1,86,0
1764430274761,143,Public / Vote video (2),404,false,,458,780,1,1,143,68
1764430277079,145,Public / Vote video (3),404,false,,458,780,1,1,145,68
1764430279164,150,Ranking / Get rankings,200,true,,464,727,1,1,150,71
1764430281559,357,Auth / Login,200,true,,959,799,1,1,357,65
1764430283738,74,Public / List videos,200,true,,806,694,1,1,74,0
1764430286274,79,Public / Vote video (1),200,true,,440,780,1,1,79,0
1764430288461,147,Public / Vote video (2),400,false,,471,780,1,1,147,68
1764430290264,144,Public / Vote video (3),400,false,,471,780,1,1,143,67
1764430293384,144,Ranking / Get rankings,200,true,,464,727,1,1,144,67
1764430296119,314,Auth / Login,200,true,,959,799,1,1,314,67
1764430297738,75,Public / List videos,200,true,,806,694,1,1,75,0
1764430299825,76,Public / Vote video (1),404,false,,458,780,1,1,76,0
1764430302289,146,Public / Vote video (2),404,false,,458,780,1,1,146,67
1764430305160,154,Public / Vote video (3),404,false,,458,780,1,1,154,71
1764430307672,140,Ranking / Get rankings,200,true,,464,727,1,1,140,65
1764430309947,287,Auth / Login,200,true,,959,799,1,1,287,65
1764430312136,72,Public / List videos,200,true,,806,694,1,1,72,0
1764430313866,78,Public / Vote video (1),200,true,,440,780,1,1,77,0
